Date,gme,aal,aapl,amd,aph,bili,clov,dkng,ecor,meta,ino,jd,msft,mvis,cenn,plug,sndl,tlry,tsla,wkhs,zm
2021-01-27,-2.106407470558191,6.884054507326419,-0.9643780367621924,-2.543901653974482,-0.963599090843504,-1.4448209410946506,-8.070172761615954,1.179287606873203,6.666666666666667,-3.8178818150949305,16.0,-3.674109582126977,-2.1897836999439293,-3.7685089673946703,74.56521897375065,0.5743482267993327,15.973377730229824,4.043126850925121,-0.7162992592806051,8.735629525362858,0.8739252089656522
2021-01-28,-36.88016097391425,-12.320439200207636,-1.772564008668424,-2.639402738335556,-0.5360664340779295,-0.0924374876903886,-5.046197964084909,3.845468965328021,-8.92193909530693,-4.596223651238208,-14.42922329888232,1.148674116280599,1.3895315519070577,-9.25414499274865,-61.15106886992111,-0.4901956201103737,-16.121211196437027,-1.6577510871376775,1.8469449672075653,-1.903326577515689,2.797220328145987
2021-01-29,-16.833843524639423,-8.852652597609982,-2.932714751308168,-2.241940895176359,-1.3773105989861445,-3.942398707377314,-0.7168486224875039,-5.322493135518969,-0.7751918117475523,-2.6980999430948085,1.725492290422028,-1.4545054459543845,-1.7373681685034663,-2.5316431077146957,-36.36363636363637,-4.24252078970818,-2.085890604306583,-4.0331465571883705,-4.595911791499797,2.680647369248249,-1.862550740281119
2021-02-01,-40.69333224826389,-2.434678406752286,0.2907404961188308,0.9468421131420188,-0.2945240298646365,0.5425814173187257,-2.317159196966197,0.183013314857464,-5.200002034505209,0.9503532915328372,18.86791879912604,1.2271229959254977,1.9152917809293684,0.8141104981169137,-32.394374521259955,-0.6891189536748171,17.355374506315925,0.5235621961910748,3.038788439724778,7.617084503298152,3.385435269221568
2021-02-02,-56.39999389648438,-2.652203315314503,-0.5482159941021688,0.4163884132799887,-0.3543841048556897,1.5310031767818464,-2.863275668464585,1.4331516930315562,-4.93826940846239,1.1532075509642323,-25.712386491269807,0.4537818754302722,-0.7473562758156597,2.4901710926695197,-29.656089729147823,0.249032937135214,-3.8461594891973454,15.879095694255826,3.220704414491093,-11.020171174090478,1.8732126394675688
2021-02-03,-21.209823284703138,5.624998577616462,-1.3588112752785513,-0.8078269307125275,-0.4032214278250503,1.420222009225478,-0.8602142451599318,0.0332730952596722,7.984794587984177,0.3862736931832553,-1.1675763579689804,-1.4031375265870427,1.4115260269754009,13.066954732603527,17.213113387190745,2.181646855490226,2.479340341131657,3.230712271849455,-2.612641602040556,3.522886226466465,-4.026600592705315
2021-02-04,-70.44860269421729,-0.4597696865513612,0.7933705570067972,-0.4326103126766425,1.596948982390331,-5.456967370145646,-0.0817680233535588,1.3141197250832954,-0.7547150617875393,-0.1951366093685727,-15.714281605484928,-1.019765397119153,-0.268587714643584,11.42304272885645,-13.67522296417423,-0.8571033644875407,-8.695652173913043,4.592985130871676,-0.5894234662339295,11.514267788978772,1.661626443350016
2021-02-05,15.257957460233564,-2.3851066589544248,-0.4314098990298606,-0.284414102002486,-0.2085035185390132,-3.1083662807760004,3.0935851721865206,-0.0469744707936153,-2.7131762696657744,0.4849005150879881,-2.5700928332118718,1.448677084769174,-0.0123730966705907,9.012131414998985,-6.363631739760891,-4.911059026599641,-5.309729359892966,-5.482114638626762,0.8483638398113404,-1.6252150640053775,7.562146682061585
2021-02-08,-20.68333943684896,2.5323621347620664,0.6427502136841332,3.45468855355623,1.541968122379358,2.1105202914678856,-5.416330497109488,-4.4376310244145545,1.8382353284917217,-0.8140196327701887,6.272529868330373,-1.17373439138577,-0.2804376042090764,14.80978441324314,-6.578947221656772,0.1208669407823454,10.15625133877618,12.462612100310944,-0.7238690811399907,-0.2900324321412044,-2.417174054865824
2021-02-09,-12.522359501276304,-1.720179058909401,-0.4484740912788634,-0.5279899991238491,0.242056482916704,-2.53639807189534,4.103343222752525,-0.3734080792130807,-2.826856870134857,1.1170939429434008,-0.7982627901535132,2.0912730871319,0.7794142444887292,5.637578660531746,-0.877190732070505,2.8304735730472093,15.757578069513494,16.930338671267485,-0.6663132999251592,3.568047168225497,4.26365404904883
2021-02-10,0.839844333531792,-0.8041320555740703,-0.8051018184901063,0.9204098410020934,-1.279288035002375,13.346547143873105,-5.44000244140625,-0.2073051666610905,-0.3436373561011471,-0.2133435466439531,-5.778120388675933,-0.03038008475371,-0.8977812660585267,-9.357145854404994,22.92762799606417,-7.212807799748146,25.084744469594145,-3.0042278019506585,-4.823428089040098,-3.926162694164227,-0.2064999184309744
2021-02-11,2.133072769346376,-1.8245995886907584,-0.569802009468139,-0.2590091239848196,0.2564268099860477,-5.33934315086177,-3.0807650167174896,-5.152902724315193,-7.246376544514659,-0.5547542138160345,-0.5384591909555289,-0.959592877012308,-0.1186178853339944,-7.482254938246591,-18.589745523008453,-1.578368956150655,-66.3865535443267,-71.05099061733925,-0.096091677709483,-4.618258367639473,-0.2819052271816804
2021-02-12,3.148857782120514,1.505502153967539,0.7534823450269574,1.08776440181501,2.8991809479189645,5.3160917249368005,1.2831103803818455,2.963814282521465,3.1468583701657606,-0.0073896538528188,-8.438817065619297,0.5236095618264537,0.4326822711197652,4.418982374870698,8.333338484351927,0.0474739356683498,7.211538726056125,-0.8965525133856412,1.8208125523672491,-2.7908322038041358,0.3671114478231202
2021-02-16,-6.36235433784874,1.0662207481002506,-1.726882419501806,-2.6678356285053733,-0.8766779892117487,-5.072563314647023,-6.179286791037752,-1.7355359290256973,-1.6891891311374312,1.1570658880935998,-5.37010696032085,0.5607675039576201,-0.5457537331595329,15.893754888485637,-8.52712964342044,-10.18644429869571,-2.283105062599793,10.51112094925263,-2.7354169546063023,-5.570207203705055,1.2852382555625188
2021-02-17,-8.3369654887799,1.6675888875895215,-0.3133626364911836,-0.6893430068466052,-0.8882604828308285,-1.6684806655841558,1.67844156806977,-1.8518520918876695,-2.867385440124929,0.851707799635489,11.841247289365327,0.2245489052553765,1.179356945132909,-13.164558893517604,8.88888512128665,-1.3693766032939363,-12.79069045352091,-1.3646471026732845,2.388022105257604,-5.704589752426973,-2.4684400480839104
2021-02-18,-19.169337220468417,-0.6775880600615607,0.3931684945714052,-0.5076680407725038,-1.307932830986115,2.418624932863243,-2.585408448233624,0.7206557613973574,0.3558754933539197,-0.0668149025553698,-6.513957265697687,2.3854684457635984,0.8162658962168539,-6.208419484728313,-7.43801878701662,-3.284892575982383,-19.310339565934807,-22.14021405237326,0.8229839718176913,-0.3523402074660176,-2.1152870858382182
2021-02-19,-1.6999227004560438,4.17559247271205,-0.2849083189997386,-0.1897724553142164,0.830620536321994,-2.289689585664389,1.6393384244604792,0.8537193548946711,-2.573527589938736,-3.173263446414208,-1.6618463851195937,-0.4618771892530102,-1.1536700689770347,4.829267176186166,-0.8196805034566786,4.830919292225881,10.457518702768578,4.827113630967664,-1.7534933410703386,2.3088525283828067,-0.4697290440507472
2021-02-22,-1.4999970145847483,2.935422533233263,-1.595246284773293,-3.256411725262804,-0.9154390930262764,-5.243594020956223,0.7220209770479511,-1.9546137585776189,-5.645157072720331,0.9142144539594604,-6.211181549896973,-4.597581092976735,-1.2408801345456233,-10.902054532227751,-5.357152183040082,-11.5432114948292,0.3496516787968925,-3.993910994656522,-6.737576361481709,-3.3822634592536414,-3.5908109229621137
2021-02-23,0.0,-0.0968076375188219,1.6685134279087817,1.5813032471924793,-1.5307238043679414,3.06358627832736,-4.837115158761353,5.043970287768177,-3.7914656241836138,2.392231137435862,-3.595890970206824,2.945612012886913,1.2603432003001538,-5.682520357912368,3.174754061587856,3.7784501224666815,-2.3809462537933155,3.025413361442168,5.252989360355128,-71.81901398938557,4.418279507080108
2021-02-24,51.2594033266024,4.353798665799998,0.3270687241732876,3.002071011109746,2.076420331662273,0.3460771146126609,1.7698313527528722,-0.389848399320594,-0.4184143159369652,0.7491245146295251,1.6652773143515356,-0.0726363939288133,1.9356186541116296,4.064585631674393,21.4814833652826,4.086920341500583,8.96551855679216,9.471049542120436,4.065923842762045,7.005951167211001,0.5451304528790086
2021-02-25,-55.94591402887241,-6.088199967668339,-3.049840901361988,-4.549866638328739,-3.090803442880992,-6.712686854779702,-6.076211640267763,-4.462892155455673,-10.328635863096428,-2.987940350471058,-5.22193553891896,-2.088685663553846,-1.3494090561841512,-6.118663488538226,-7.017537010649363,-6.160586431806654,-12.408757904620176,-9.795916810327649,-6.439275321349474,14.096458062843444,-5.223038197885733
2021-02-26,-15.451151514424346,1.5759308275533717,-1.0968247611576574,1.1122972638090367,-0.4455741501572898,-4.818601259513274,-5.531919987939063,2.4865899718036024,2.76497585138361,0.4463915527834941,-4.144144345390239,1.5340389893177917,0.3657695103417184,-1.950235131707427,-5.76922818283599,7.647789750418036,-4.511273828502542,-2.832506606817472,-3.6269384054766833,-4.390841565384725,1.5149416146373291
2021-03-01,13.172757815075771,-2.691216650667032,3.16144327702678,1.1806883322985946,1.98522130235402,8.101196771300524,3.857276981143458,7.625147825067489,-8.71212347443411,1.5439191730590072,1.5517267177277032,1.3160511429420363,0.4389463433014915,7.902213630418513,-0.8240687606214001,-1.0293574627361664,-4.444447270146123,1.721434412763834,3.941929904297364,8.01614954493126,5.12620217064709
2021-03-02,1.057708577400685,0.7462679264300778,-2.629476377323069,-3.3162974047452423,-0.8370221075100792,-1.435403575826468,-8.960181670738244,0.8311456395530585,-3.968254048347555,-2.61776014644667,-9.381232908577092,-1.6497240221998146,-1.3426327437302732,-12.979343696556262,-3.883491489984352,-5.555561637939395,0.3623202177086399,-1.0038619023600972,-4.638421458261743,-5.579674970275277,-17.92161700346189
2021-03-03,1.3448205547119068,1.353176526965066,-2.2529840519196287,-4.229530228951655,-1.980917531952878,-1.2754030033360872,-8.443906061353815,-9.247151073847434,-9.33333785445602,-1.9106553435034692,-4.811715668998015,-3.386026571187048,-2.021433944842195,-11.197918655428458,-3.03030166805019,-10.111846989981045,-5.3846139174241285,-5.100826261286088,-5.326085829145109,-7.238605349754939,-12.12928295441814
2021-03-04,5.553461099024752,-4.896426208730574,-1.3485544279795134,-3.189714928531953,-4.338766839589822,-6.31454355549291,-10.836762222042855,-8.496201477140005,-17.346940298105622,0.4541272167411246,-2.732240551067438,-2.170322015599184,-0.004421690912388,-9.509435689674234,-8.651973437760118,-6.146924178746303,-6.034480915908783,-10.154530609914524,-5.529096249702774,1.0373417575004076,-1.372815152103564
2021-03-05,6.947877844170482,-4.645471003172075,0.3623742996265023,-0.611313521975271,0.454845009336896,-8.036017625417005,2.806125800344393,-4.267474623643137,0.0,1.3659699440884432,-0.8705210123310406,-1.9421699994401365,0.8980942926419933,-5.928239055954648,-5.017506656802758,-5.012725849738393,-3.964755895513597,-6.287566634854007,-4.701059535918965,-4.9526608000529,-2.359014357180933
2021-03-08,20.365038874216744,3.213780385543843,-3.9274526685650506,-5.502974236351342,-0.4075643941605968,-12.587487699641892,-7.578233570672814,-0.5785098745803203,-4.670054496598723,-4.010806600718767,-3.254769549039412,-1.9212738729169605,-1.750294972611816,-8.411212681518165,9.204079624151108,-3.096300934866072,3.3898353028728145,3.077611649016886,-6.669624649247743,9.612901749149446,-7.738075491379837
2021-03-09,11.82259534394943,0.0462973551167849,1.7012311376584524,2.292111868512877,-0.0482358053901409,3.0260707205082173,7.692303661562278,-2.8938894131542168,5.188678170178448,1.7159621156650016,6.153850066356171,2.423766557056066,0.3849746947479885,14.06249682503666,1.088235878935223,3.000946282896581,10.143884072719109,4.834085672068868,9.709315522427415,3.3639154611776405,2.969797310677897
2021-03-10,-1.6716953493514148,0.3678157411772629,-1.4252432637987458,-2.876681441565892,-0.3704355511271658,-7.293893679686637,-2.342793367459432,6.869681156496839,1.877935421415388,-1.4118613960461706,0.6011970811066598,-1.54483065614158,-1.9705711905294487,-5.296162055778848,-3.0612232319997053,-4.0158704937498815,-9.923658009196917,-10.954354140501628,-4.825917074237325,-4.454203618805237,-3.5592034932968586
2021-03-11,7.061538696289063,0.6771991923863808,-0.4755545119620165,2.252864404071803,1.267211316991649,-2.182176728937925,3.5755526746109463,2.9185923048058684,-1.4018716022751283,2.106769179341468,3.2166524352349555,-4.652811700088597,0.9151090643369768,0.4045817009511406,4.660195960630595,6.5614614979736405,5.985911543750918,12.16312132049124,0.02858732859626,7.314289637974331,2.0215735906489405
2021-03-12,-3.969754253308128,5.092000390773852,0.5205298685973829,1.628623868133945,0.96736984071711,3.4639491159120706,5.611672374441442,3.226484238893728,3.738314369573117,-0.2757156366547958,2.5714329310825894,-2.380385717576732,0.7380591897493147,12.993701163766575,1.5000025431315105,3.576716670283565,5.633804235778114,4.67899536618742,3.420640758288335,4.6710140344446565,1.2644720394893338
2021-03-15,-26.06522657541244,2.4632532274695484,2.080820523627075,0.7151470762310607,2.672756205104043,3.5262015544558025,-0.2816858425946302,-1.800739809155904,2.7272773511482007,1.705940978167808,-2.105265751619946,1.808999136864782,-0.0638985668473777,-4.206393736451059,-2.564106990019008,-0.7318126545153586,11.728398041506258,10.60058948153856,1.9563813817940103,6.505888123251308,0.8354317801339285
2021-03-16,2.406684224866043,-2.615452860465713,-0.1035380299348464,-1.0997023107061934,-1.3933725136040889,-2.6387834768224225,-3.01974726189681,-4.319335049511521,-5.741630374821685,1.1458078706023211,0.573069895763491,0.734613884234429,0.601576666602675,-5.169345473424219,-4.861696260555179,-5.107779497629043,-15.562916040410022,-13.162778030370054,-3.910590005091749,-7.010185972771199,-5.046557341455083
2021-03-17,-3.827271756701838,4.133541393028596,0.5690857254608119,1.064985214412031,0.520907546157716,-0.1257291347704641,5.5999973842075885,6.935600028379403,5.963304946309012,2.922438655382724,3.136890332897593,2.1436122433859897,0.3754638098449909,10.091744122626764,3.906582033302469,5.847960703479415,8.44155369650986,6.115756970588712,6.4034408623471775,5.375072835255103,2.4001148726442927
2021-03-18,-6.071871127633209,-1.7004051146594483,-1.949727220735072,-3.7634340868483287,0.2769235630057051,-1.5438341388413797,-1.8890182097743395,-2.499633820662174,-0.8968586852557793,-0.4486397322181599,-4.1666650513646655,0.0715198890309633,-0.7975154489889998,-6.022585090456371,-2.5671834769794715,-3.135311800088044,-10.958906436060383,-6.437603032232385,-4.766058768063744,-7.012986691288805,-4.324732030547678
2021-03-19,2.266943849836513,1.161389732292116,0.0750031998440358,0.7209710503744637,-0.5443271376877955,-0.0826716308892498,-0.5875462913052473,5.470968819647502,0.8888866283275463,3.0643495845502424,0.692380783395841,1.423695864085295,-0.2908541858915889,8.933718482163872,0.5435359563241563,8.568440135559277,2.0134177499404435,-0.3944788164296224,1.262839762158887,4.094297560333208,2.8903398857045364
2021-03-22,-5.537553966520104,-3.315152824408748,2.4799331141390355,0.3860587499460811,0.6954176713224491,-2.3110041955246547,3.9818018542510063,-2.0496391462397043,-0.8968586852557793,1.052666160639478,1.259691068654942,-0.388374516080724,2.423812231699624,0.5564745572737968,-8.292114157851637,0.9509096204979146,-8.846150911771336,-6.903764204460434,-2.177615998171132,-3.96672988496174,-0.2891970188831811
2021-03-23,-8.665749656121045,-4.849572974883123,-0.6446819309374744,-2.232712504877877,-2.01812236358153,0.3396552671076345,-3.869403592642017,-2.637987581205197,0.877190732070505,-0.8670780619117363,-7.781280266122261,0.0478995503581538,0.037886970832513,-12.958288141306806,-6.82976452135588,-3.9141032641323696,-3.305781867105094,-1.2919946308380823,-2.0553945474025563,-7.496562279557099,2.872618755914712
2021-03-24,-31.278045982287427,-4.4933584299958,-2.2733110448004576,-1.3990581169701448,0.6912903177697115,-9.435743674657733,-6.779654483922941,-5.162843438703257,-11.53845636567198,-3.140279609966897,-7.126952961551843,-3.832046023765454,-1.0150407768483234,-23.181821695700872,-3.532467408077564,-11.566265254049066,-8.444442749023438,-5.407836082514014,-5.972048576536312,-11.5064307320212,-7.529526600610486
2021-03-25,32.79455898570366,6.6754520298896685,0.8707151954969905,0.4854404889218631,1.9689869372353888,5.018298980851696,6.624042385090631,3.165804836243725,4.306221260104612,-0.8036237462983449,2.09713604037179,2.807774247463599,-1.27400460295853,7.49464791992131,2.5020892280673475,9.090905022983272,12.295082159434491,7.008324077164492,4.277083445172901,5.600584320553769,1.2386831255776265
2021-03-26,-9.215465566729971,-0.9158267844647828,0.7095128801783702,1.0205411163338225,2.3311477217983825,1.637828530382798,-1.9762795192978948,-3.8207552884840887,-2.415458996549081,1.6677271584782358,-0.9966794601252704,3.082732775319401,2.084739562400363,-2.3791870114236,-5.249311625542362,-0.9991189091512382,-8.849557372750521,-5.434786082816421,-3.743272935942384,-2.081782430794619,2.206593933187729
2021-03-29,0.3033662672365189,-1.0912265458973356,-0.214200164757506,0.1425986663493851,-0.1963408174226482,2.176481253246381,-0.6811949980692643,-9.5360810383265,-1.0050225568733335,1.736475546167254,0.2212334532494395,0.623779504531668,-0.5738714841062924,-8.408899377297063,-8.075602197560077,-9.486679698356353,-3.571433741219278,-2.404070633099564,-0.7116083665560018,-3.4648100823655965,-2.814615345336775
2021-03-30,3.5791455690466463,4.228857472113132,-0.1751451891577717,-0.6184226588199013,-0.7470734296406356,3.350789310045657,-0.6954063073684339,2.9426199490906764,1.9512207527470784,-0.6354120042588975,-2.270145286483859,1.6385549522307945,-0.7245964998940869,3.3306319017915365,1.0693831928962294,9.312573416670944,2.6315723429754274,1.9056264013040587,5.328659432029384,3.432836203300026,2.61502678168614
2021-03-31,-4.045934242676312,-0.5439375321765331,0.4093327824429573,2.4585991148736066,0.6214883856743784,-0.5043909283033583,3.439150185351524,-0.8641753847600704,-1.9417488313168627,1.5414418102530485,4.202579750760087,0.770783246490512,1.2130402614980862,30.13476781036985,-4.055938932123111,-1.3392844313413568,-4.4247786863752605,-1.3198466803825706,3.1904538318527678,-0.9440752102031096,1.8845974142743311
2021-04-01,-0.997651445576015,-0.6705777171803344,-0.5365757883301397,1.1468648634612106,0.4623608357520075,-0.9912421393835426,-3.387533822808607,1.3994927690315504,-0.9901028117592892,0.0870587833780258,0.9493586841708164,-2.597559607191591,1.6009922777370278,-10.424709713872543,-1.2727216788081923,-5.275101244731665,-5.45454892245206,-4.83437742313957,-4.022668831097411,-3.606784036949146,0.0766330477211911
2021-04-05,8.531691472911875,-0.9492346123878636,1.6123897972150616,-0.3806920759326661,1.3659079809380117,-1.992396861183296,-0.2666664123535156,-2.2193765787093604,-8.52940741982295,2.596221850569872,-4.600219836028604,-3.217358949379899,2.533423331344653,-2.358189263571944,-1.4285677955264138,-7.595696829660185,-4.672897279559292,-3.3529668389243623,-2.410822366237689,-9.37264374676522,-1.1945904492111126
2021-04-06,-0.3848274871908875,-0.5818840403352716,-0.2297826153728569,0.2824206164520618,-0.2929068090517203,3.6355685242264855,1.5768772705766352,2.4764859486700788,0.4901948256873483,-0.8424170606668628,-2.5698379979019164,1.0298174929377208,0.100850862208082,-1.174936741262426,-3.0430898550485885,3.4035089495201203,-3.431376353083897,-3.169347661485848,0.1908506963783507,3.931934864253339,1.8314710538294383
2021-04-07,-2.949935362134094,-1.0865032409782331,1.6184457184217842,1.070556309110407,-1.4415351077421308,-2.351290057358753,-3.537418125923548,-3.639874884811072,-4.591838091789792,2.155929630123128,-0.8988755857864374,-0.6646165114182764,0.836333140797225,-2.1917786744057985,-7.104182648165576,-6.539424945112998,-2.5,-5.921052949097827,-2.389080640485734,-3.824309862617455,-1.8664104958256529
2021-04-08,-9.174210548532244,-0.9725139363474604,1.081622804908329,0.0359913375477615,0.5142499069586012,-0.8795227403135174,16.949157199788186,-1.9473058661815947,-1.4563131666499902,-0.5846326605563262,-1.7045410827172651,-0.6452383530984996,0.1895282223058457,-4.522970746123802,0.593519746698549,1.7473933583335175,1.3861419607429897,-0.6575577023598446,0.9388707429501684,1.4466834179574102,1.3372351763175927
2021-04-09,-7.160896876852728,0.3823285857585721,2.406001411524268,-0.0483336327873682,0.4966463758874549,-2.079392140627765,-3.28866629518671,2.294977168446583,-2.040817650526626,0.3392426510855051,-0.5733966651803784,-0.7337349969163625,1.1647490925829238,2.4613247179836883,-13.029825701676709,0.3095928064492241,-0.5000019073486328,0.3036410184585206,-0.1107795897260585,-1.4914007750910625,-2.000000945841584
2021-04-12,-12.063225398135549,-1.3967686466849347,-0.975311433801751,-4.428602247962502,-0.0885965113884379,-0.8708768677942961,-3.324804940374319,-5.729796368918243,-6.55737408754737,0.1572898306839673,-5.461162885494498,-1.0807354833189928,0.4689196668275124,-9.055728091214965,-7.288279948963332,-5.660378328509695,-5.698921743025385,-4.712038631631073,2.3191542320837963,-4.935280156112478,1.0606213052574027
2021-04-13,-0.6312499857953331,1.684393482988623,1.4803168084519138,0.6484652158988243,0.1179560463355289,0.6128501271456166,0.8962890163154628,1.7049326597125931,0.0,-0.7909289812157692,5.269176501638397,1.2563521000294968,0.4758328343342216,-2.168859305039567,-0.9535508018352492,1.7753514561619796,6.938778489195016,10.534936339114932,6.509080722638711,3.712205681242106,4.4907361899389135
2021-04-14,13.78730056048768,-2.5927577199229592,-2.204059283372206,-1.6931816040590126,-0.4578312845743951,-2.484469658237336,-6.064687394045114,-1.7323377025480793,0.549449167480725,-1.479420236574211,0.4524882484455325,-1.868918373196738,-0.7394590468321887,-7.455430023645558,-1.603604831720869,-6.305040345228094,-6.777773963080512,-3.965520397614236,-5.253813999267808,-3.5742637316222647,-4.714455783164272
2021-04-15,-4.19329932000657,-2.3497536262249845,0.5055479159841031,3.2405762825925457,0.5545786852103555,-0.8932021057721481,-2.993200950793843,-3.8013246184622456,-4.545457501056808,0.4808040254411625,-8.990004943017697,-0.8646352004264363,0.6050065426557782,-9.33920202921722,-10.679615485918058,-10.195476549846864,-6.572763331627465,-4.368357424962329,-0.5752140975222152,-8.068674376284697,-0.5310139313228716
2021-04-16,-0.8468534087003802,-0.136172393835013,-0.1043295085552944,-1.3998801028830563,-0.5256792581611136,-0.1642811784214364,16.553283580798492,-2.6474644007092785,2.2346382605037545,-0.649951270349787,-0.686503674919696,-0.2985406604437215,0.4870829093720636,0.7252939768159433,-4.332358767842639,5.2863456173168215,2.833538574098184,2.55814252639848,1.5045040323336658,9.22146149332572,-0.0969773586308739
2021-04-19,-4.520294552100639,-1.9489563395048823,0.9863669217747092,-1.2575473251028808,-1.3627584738145664,1.286417512909784,0.5170650500555735,-0.5998591227192411,-1.0810783317497183,-0.9164966982370404,1.36209799679691,-0.0779794546692986,-0.5604067997448184,-2.8571446736653643,9.55036200744552,-5.784473078688182,12.765955935780788,1.0321118099983344,-0.6954628019865827,-0.4761862232212423,-0.9835669144010736
2021-04-20,-3.53876279161632,-3.1909651043231646,-1.4348826724209014,-1.9553464329475132,-0.6587731961616936,-4.610492267278069,-9.16473285778691,-0.5205545149760593,-9.77011187659206,0.2180748968840609,-1.8539958898074096,-2.937618675201485,0.1703598736617043,-5.293543973884561,-3.880306876930785,-0.316831381014078,-22.327792130714545,-13.278789245362752,0.2183607681266751,-0.4074917293822149,-1.5383219049691073
2021-04-21,0.0693966400628564,4.759638215640423,0.8539320282998395,3.2103942249569166,1.387867111791638,4.061062987915731,5.856350517139108,5.597137068993714,6.521743186705449,-0.1592234664757618,6.768557815361154,2.27152825273971,0.6293592796443623,17.360000610351562,5.191957613854535,9.506263749917776,3.682390221819828,7.6694410538543645,5.2881203827689856,3.451045777362052,1.7815094268262703
2021-04-22,-5.245755130398199,-7.523668419742152,-0.833705436650802,-3.225402391225636,-0.562137413298876,3.1992593949660955,-6.811770270852481,-3.6732593249567023,-3.910611628092169,-1.622149513290307,-1.0952839708867157,0.3718264736279166,-1.182088839528725,-6.92541722705918,-2.371329931583216,-6.264150367592866,-4.556356204897724,-3.523705123421454,-3.0304732236652794,0.8284062669079683,1.7224045605336855
2021-04-23,1.4419849063337602,3.9791574054999583,1.6081026982790565,3.081202254635369,1.162772898555014,5.417458534052368,2.508554795274299,1.4969011491283464,0.0,0.7870338653598485,3.6496350873074928,0.0260542580669816,1.2521380092409542,22.42626536983937,-5.947369448402596,3.895640351753813,-1.7964025350603785,3.2806061860222515,1.3161490163227203,-1.26182841925327,1.5999805777468086
2021-04-26,10.625701608057666,2.359348621430082,-0.0816512930253952,2.4119015333822844,0.0579778813907953,2.7367860798520547,2.6030446620564134,1.823396968941872,7.216496061652848,-0.0989928011186287,0.7194203635955471,0.0131365068435212,-0.0420749107953951,24.394858671168123,17.703806205776484,1.8777778327675323,1.3777254309244718,4.033620197849216,-0.3793014174117005,3.0234288161030403,-0.323998660717242
2021-04-27,-3.251391483592532,-1.148897046738894,-0.461351762563531,-0.5398416728260232,-0.9961914501828784,0.3661804493977375,-0.7575827947240754,-2.8919314283502384,-7.142860137125096,-0.2338806331153262,1.3946987945397158,2.224066743492202,0.1488657398324837,-37.0535683030444,-12.289733537713898,-3.082315557378059,0.3351925543074912,-2.539507789937186,-1.875873644389709,-1.7615391657902644,-0.8695986383352551
2021-04-28,3.628623396291289,0.276504014661094,-0.5464974762526388,-5.748633687256014,-0.0148250953400311,-0.6722455349638634,9.904761541457404,1.6250585162047946,0.549449167480725,-0.084656217153979,-0.5649712187014997,0.4679928264774892,-0.5970982878313521,-5.907574009716664,-2.943005363959943,3.2571050387312046,4.148929845482434,7.919248465137181,-0.2894643354031363,1.458170255387839,0.304908608490566
2021-04-29,-0.2099977933257283,-3.004701032493521,-2.240051975763436,-0.9414768819626972,0.4224955100612605,-4.580352359271388,-10.52113752996291,-4.107206139843644,-5.747126352783344,-0.1851189139887958,-2.612486337646253,-2.58254459661845,-1.168269199530876,-12.888887193467882,-4.507942896200976,-6.296422888129248,-4.788422350728721,-0.6434361484606571,-3.324959932156315,-4.171292919977647,-3.1329795600659773
2021-04-30,-0.8122608974337562,2.5322249283975853,-0.2434257790483828,-1.654004445837423,-0.7721956255495744,-1.2357953626550018,-0.3045658051712189,-0.2294406432497935,-3.5294102687461706,-0.3260822320528272,-0.1468462403210283,1.2797283556860009,0.9675640168832343,8.327871854188013,1.3111487260499068,2.5955796744207427,-2.546288247829922,0.3271508475637417,5.89901776060361,0.4842648745287144,0.4819002126690394
2021-05-03,-9.42663923094949,0.3644643322342255,0.3772329733388768,-4.353912203786705,-2.898122506447402,-3.7689626905848033,-9.68783231674799,-1.313945297724147,2.272728750528404,-1.1129105973424975,-3.3082674742351976,-0.2337059374462963,-0.6114481388076043,-6.349207332173099,-7.446805382216665,-7.172368813194355,-5.7971076254902405,-9.048172542652551,-2.7595282380830897,-6.319383165734506,-2.013244309476149
2021-05-04,1.0763365728396206,-1.68067511236839,-2.612439583220838,0.8395924907580575,0.2572766107546342,-0.4015440735659047,-2.1523144127234883,-0.2494198948589802,2.2471923757490986,-0.5214234635286359,-1.2251136467942414,-0.9003648029805226,-1.2833418160923604,13.116880221599237,-5.067339469102022,-1.0569114831302382,-4.050635035422663,-3.4782574700241216,-0.7927547756145983,-3.21429121859229,-2.004259547066493
2021-05-05,-1.473542868367299,1.0199319261338775,-0.8586909220023049,-1.567520483105445,0.2989721069795463,-1.4656904159134632,-2.7149294906731947,0.2367380196574377,-6.666665125374842,-1.006289612814632,0.0,-0.7148542612955567,-1.0508427079528695,-6.422654244311872,-5.096095030870952,-3.1700227311346816,-5.897436242288535,-1.7610106500832097,-1.5083331354744125,-4.007291005478503,-3.004134060761761
2021-05-06,0.0931581278192061,-0.0930686736932953,1.4259215220644992,0.333806827921253,0.4032926390870265,-1.81538697393929,-5.844482709872094,-7.323182273574299,-7.189540582476828,1.7186426438396727,-0.3072193582694987,1.3090718785049718,1.313411887016554,-1.428570066179548,-5.034195070363676,-2.703903478687788,-7.012622608340678,-10.247355491378176,-2.5951739231577347,-12.695112493382084,-0.7336715589906215
2021-05-07,0.6206939334688008,2.72727446122603,-0.4915369518272238,0.0761293750188774,1.3801127201220555,-3.0490789121190085,2.668208182016822,-10.388275060324531,-1.3333299424913194,-1.0342291743200518,3.6496350873074928,-1.655409832653464,0.1227967955569854,0.9219866022965828,1.0362649191029814,0.3036863216536291,3.524803998758978,5.43881395453013,0.977141636722454,1.0373483185505576,-0.0667326550914038
2021-05-10,-12.630914804988585,-1.0454524647105825,-2.018129566483076,-2.9082762818793797,-1.580681817147553,-4.807695563294228,-5.932200454484683,-4.8963414495630815,6.470586739334405,-2.738832189227536,-4.797596569174559,-4.1246493443796375,-1.4928401645956304,-1.2987035327166376,-3.667440621656013,-12.904834040709112,-5.601090680289618,-9.04255093169352,-5.700753071624619,-10.975616989499,-1.56678556769954
2021-05-11,6.7519727011827015,2.31803433970366,1.9140744600215736,4.243136871711977,0.950090326543154,5.84568350526436,5.781061013688921,3.067481312446601,3.5975618502366933,1.8856225499346648,9.09090441537999,4.575435403829582,0.6822922628941355,11.724609802887803,7.913270070815091,21.186440335509086,5.405406624492354,11.23882660300718,2.9099143065236515,10.07281488787498,8.772688205792049
2021-05-12,-0.6284990015235605,-2.890175216062816,-0.513152392196918,-0.6028898069693661,-2.2440368162154565,-5.047920965648956,-2.4421539236434184,-4.013295184549452,-1.8518550496624933,0.4693382804324973,-4.444440071334837,-2.2035083436129344,-1.3263525669262046,-5.847074393172893,-3.400281645874877,-2.428061695524892,-11.379796444124352,-5.7811436202698525,-2.135989850961607,-4.161250575816519,-0.4659908626350879
2021-05-13,10.370819184555472,1.5558695801530698,0.3120743680312877,-2.900537491863301,1.0872996641430903,-10.264034262426588,-9.090906702543736,-4.879238638945108,-3.846152278641795,-0.2686158620220819,-0.4815442972151256,-6.027153497092349,0.5061149283916383,-7.371795753520419,13.532573411252674,-3.5519158431888367,-6.666667127378891,-7.01754398195269,-5.221359464138911,-5.347594844217364,-1.316517533776688
2021-05-14,-0.050026158060714,4.330354151220903,0.9415433892124664,0.7641771320675977,0.8137561040623351,6.059670259263154,1.5796460106378734,7.484964704914594,1.886795621559325,2.02569913497146,5.038173907384103,-0.3815144980323263,1.0356544810195083,9.757833969240744,0.1587326683291211,-1.9121208902088065,0.8486554642535695,-0.2153606052689375,1.0733546600355337,6.172845102341023,5.112221898435316
2021-05-17,11.489479124439562,4.4111377722413385,-0.4355830953657728,0.5760218303903357,0.7067686703939443,1.3640028166010472,-11.290322016794596,-0.4826543490487586,0.0,0.6054662124662366,2.6470632371604235,-0.0439800318128209,-0.5587837660881796,7.83409883644824,1.766349005007541,2.7666420179717512,7.152317194848543,7.651714110077166,0.2219022487343112,2.5454550078420928,1.327163500055023
2021-05-18,3.39292906677306,0.0848834926501096,-1.3696365126838088,-0.4030029722250691,-1.3242169763897167,1.1478290725687854,2.869437808973556,1.0729665324298812,3.0864198499897726,-1.816365027106553,3.516174336222233,-0.2294288313887394,-1.3123259871908983,-2.78514640861302,0.7500012715657551,6.328649011291758,3.670885548762001,3.401795478604335,1.7080010136438717,8.11110602484809,1.1027238544348716
2021-05-19,-1.871707414462707,0.0,1.2270483214863308,4.027285267782929,1.6833725216360764,4.704274583147705,1.4619938485219444,2.5506398004484727,3.703702250153413,2.9975426532279936,-2.1897824446097944,4.363844929371349,1.5671390213256846,-1.2160234753967027,-1.8181771943063447,4.222788046624295,-2.1978000384744694,-0.1997319045065999,1.9362543029588497,2.892104955521011,2.860273506158808
2021-05-20,-0.1759562339745354,-2.566371300513828,1.6338087736129054,1.6013323585639612,0.4204816970095845,-1.186764158649247,3.6465669664610263,1.9847388131478407,-1.8633572258699664,1.578732309267283,3.2258066673470345,1.709626267312874,1.0223971744394578,0.8368192767238295,-2.873989195439511,-2.657449828293487,5.038758113932787,-1.0709558606448153,2.0075664640023465,-7.575753197087581,3.221333414535601
2021-05-21,3.2750684461884485,-0.62028972769788,-1.9054510395008848,-1.78826605618327,-0.828953970851983,-1.0836674871077534,-2.8571422673628075,-1.1539309373137472,3.0120482389158725,-0.9676493224186892,-1.1331434044538888,-2.9402061016698804,-0.9789162709480992,-3.028118815856902,-3.1249932267449774,0.5378258222047392,-4.238406446888742,0.9848957520601996,-2.6218886030098703,-1.7730451282968134,-3.7326162409654127
2021-05-24,2.310976351461605,0.6089577687787352,0.857595588521197,0.23243840328127,0.268376779476377,-0.8993833069481556,0.0,6.322609565341315,-1.840486059505219,1.977640184570099,1.3966467425095277,-0.8233272505435242,1.1922699960487906,3.0704785954353806,-2.12097642115796,-2.757352863834805,-5.0139295560081445,-1.4637409909342565,4.096035261178313,-1.9253891616468704,0.9453938823245368
2021-05-25,13.57493848543162,-1.0340443254362577,-0.7249788918560905,0.6807073916544655,-0.5674988927920752,-1.673656989811888,0.8547000419168391,-1.5489467748080596,-2.515724829656176,0.2166087904289936,-1.7045438382004816,-0.3433594401631619,-0.0198522374172999,9.468973033104705,5.269917627238593,3.3800742350252726,4.221631900330716,2.393272216339722,-0.4332739954222877,-2.5307047383435286,-0.4450923435055111
2021-05-26,5.590368442891389,1.5481127104198618,-0.0867109947594577,0.6510014432937482,0.4023680256525298,0.3571381492635093,3.410641236045195,1.6376821140056157,-0.6134953531684063,-0.2105848848484408,4.34192265662354,-0.4781504345732499,0.0238444173353938,-8.401082329875424,1.594605262624301,5.254298906130119,10.735118228912112,5.458907278028156,1.868747597522562,10.62431823516146,0.5367275158774715
2021-05-27,9.573840697116436,1.6373295682911997,-0.9259288580876608,0.395304215547037,-0.4018405483922683,-0.7596162649301382,5.4916964563021065,2.4206372693792293,5.232552380008916,1.4274981217129978,2.7741087633408106,-1.0297953880871775,-0.7460594216805356,6.632976600097427,-2.2473928747344862,-0.3007021439031758,-7.692314637591902,0.9900994498460068,1.6818578506884303,5.093552774919674,0.710721249968915
2021-05-28,-18.45495550482123,-0.6188103133111298,-0.7704029209296916,1.7732244461496045,-0.4163046935718743,3.955959928808453,-5.49738953495956,-1.121116216296921,-1.7857096903449865,-0.6905329412611141,-0.2649004029305464,1.7987581649170843,-0.5286795895020591,-3.012816037573789,-7.754445652785715,-0.2931600988640279,10.824744447231184,-2.939410731107208,-0.5246175924845984,-6.08324121436431,0.3076611520609008
2021-06-01,6.240465937796324,-0.0405359904779466,-0.643710218551342,-0.2474997941828909,-0.3107183250067321,2.193251026638434,1.0349278591029476,-1.2709321605685122,1.7543815293694145,-0.3099045965241134,-1.6129016752173695,2.846933875660238,-1.548107285266055,11.142066120708067,-1.3873558688284555,-0.6798348849811328,-3.000001907348633,-0.8833900033811068,-0.6251016651401763,0.5192127740464322,-1.7118226933559826
2021-06-02,11.81972311005964,4.105342674170776,0.6236996597824398,1.183361237352443,0.1033053314896195,-2.072723745643499,10.869563319720742,4.2966497723306105,-1.1299478456873733,-0.3736931517960033,6.281407005073284,-1.7637816278719531,-0.3356255256142721,0.7873996038722082,20.171151500680708,-0.3910033554792519,9.734516485863804,9.210526315789473,-2.480503891051761,15.97222291209077,-1.459453256632776
2021-06-03,-2.916569444927106,-1.9655024673883936,-0.9227713073184588,-1.0587923356325422,1.0435251717591862,-4.133407984055696,-11.96868790515826,-0.2011713752969992,-1.7241335211255666,0.0797478097198539,-0.1267456153492977,0.1324132396267586,0.1994180307615888,-0.6659208037537298,-11.517877082185027,-2.131200049998828,-6.589150438801091,-4.817448255670614,-5.055513952865621,2.5727833626516614,-0.3460718699896301
2021-06-04,-3.0842278887484618,-3.415637653355152,1.445706333821677,0.8090262898941667,0.968787636431756,1.9728284854261613,-1.877774132622613,0.8146307315578002,-2.366865374520125,1.347059822858557,1.007555706920991,-0.7556670986585062,1.2081816900245526,10.370372254171487,-24.312318402243054,0.327012366642306,-22.01835464401786,-7.499999492726407,3.2284469573750614,-10.727966268722618,4.288391839890253
2021-06-07,7.860436769402601,-0.9896897778068622,-0.2144593708753326,-0.0614665675423698,-1.4225090958624869,-1.5100849398168872,20.595636812020395,5.793306991889045,3.351953838896031,2.1094467494171982,5.568718170129404,-0.9507218553445111,1.5090156536132249,3.1347996656118022,5.749996503194174,6.392689715877618,0.8620722256998448,3.2961442249650084,2.197875267970607,1.3629812489425948,2.915423489058835
2021-06-08,2.666666666666667,-0.8257670049939932,0.1104679525934011,-1.211525978894995,-0.5427761816263252,2.41299162331424,24.89841753782557,2.350812396014145,-3.351953838896031,-0.905064612065126,-0.6984803827309235,-2.3649041182489663,-1.025438274664414,-2.92134660013606,-7.411659717716946,-0.8360667819163083,-5.172408690208939,0.0494571178112315,-3.217412902308385,3.0166897903104,-0.5098722922647787
2021-06-09,-0.1850864499975086,-2.1802953855199374,-0.0629291572671765,-1.4132031845375566,-0.3668916550406512,-1.5041111701990038,-65.48463282355345,-2.2209968697495834,-1.1299478456873733,-1.6623740300908405,11.36589651045519,-0.68832599697302,-0.0867485753502304,-2.2588213752297794,-2.766288319971702,-2.960219165707013,-2.6315807085398863,3.5464312555249027,-0.5661459622222279,-2.721899421328469,0.8991996990959341
2021-06-10,-27.954989237703742,-2.898552138588315,-0.7215829108956808,1.8881816596683776,-0.3808325509302944,4.197486073346216,-26.15062733680132,-1.0624411530524758,-3.4883781104384464,0.5023109405878383,-4.808749206574204,-1.6910285220434338,1.1467937346347408,-0.7085910006763569,-7.988245310434239,0.9526809756781854,-10.679605897336684,-6.733169241095915,1.0227505059732036,-10.159360493630931,4.170277693226912
2021-06-11,4.70986132118594,0.4249909840694648,0.6439066127158906,-0.3689620720276418,-0.0730391343937922,0.7090933395203035,2.8609405132468413,-1.0726377519214905,-0.8902092378461139,-0.3984715231924743,-1.978014768746564,-0.1264171018461291,-0.0387667580267044,-1.8981474082002392,2.141898908989766,1.632654478918648,-0.9523845854259672,-0.0502776731458345,-0.0557521625729457,0.128779809615162,5.12008175779254
2021-06-14,-3.077056085891872,-2.174858655841046,2.0386352098486222,0.0490507836056807,-0.0439156447933325,3.412728381255889,0.0682143859885595,-4.8597450633694175,1.7441816623948465,1.446089401092623,-2.2446668090934505,0.3219982583661342,0.7657283918284723,-0.1403779977481327,-2.7173930414082106,-4.677789726696966,0.0,-3.8622117798091415,0.8839420989615555,-6.564783412327771,1.104098959987036
2021-06-15,-1.7348317349894664,-0.7898130346476268,-0.2314005221321092,-1.3918169506617957,0.3214981656478838,-2.3310200014969022,-5.44662291261684,7.340748572437376,0.0,-0.0712665877876763,-3.4762478187324843,-0.5787742565001684,-0.5457695605607016,-4.652305383888471,-1.0322226362827072,-3.4246574447669085,-6.000003814697266,-4.004456279388605,-2.8914203604170985,-6.007069995652863,-1.532033426183844
2021-06-16,3.466832168103034,0.394218803717283,-0.1690366538310783,-0.7989007424445567,-0.3517998926966089,2.395691558596695,-4.787643974446241,-0.1024364590325674,-3.0120482389158725,-1.6974827421466407,0.7001104793343108,0.6854075792578266,-0.7848153925351558,4.2656286794240525,-1.6654681269681657,3.8785822371868144,0.1010027837658038,1.158296162126114,1.2118359685375364,6.711409567798629,1.109632777784572
2021-06-17,-0.183372990216331,-2.699057102226853,1.5099821832062097,4.482025810018688,-1.112913251666296,3.348196390847501,-3.1847102322189293,2.329268070480408,-1.1904731268966575,1.788957046312788,2.834467218255187,2.8843574783429062,1.851278693533472,1.1656132556560437,-1.98507542424984,1.8090482701051,-0.9374916180971616,-3.1482608244222736,2.385664321153796,-3.529413395250227,3.953619828970644
2021-06-18,-2.974457550138772,0.986995117393068,-0.1916295857673507,0.4370971528794542,-0.5884237397772404,2.8805508631792,-5.598004887976931,-1.8518505289578453,-5.660378867409203,-1.4772781238512285,-3.1802174916679866,-1.5638021142647265,-0.0771087557088495,-9.182587729431058,-0.3734630657080725,-1.3369879623873728,-3.900331833216302,-3.489060661808248,1.594714908439556,1.6812374036585305,0.0614526706795739
2021-06-21,-8.274692935615326,0.5790693260458174,1.5117159387123202,-1.0897222009755725,0.7907004900098307,-3.1079404141475493,-8.28291614606286,2.346941889548789,-1.2658195249076385,0.3611340022789225,1.273155161811703,1.390804321166192,1.0699454890892035,3.834355932912423,-3.4590234561090387,2.244556340809522,-1.0952839708867157,3.223957088281468,-0.587926564922397,-2.819806385748144,0.127285367827522
2021-06-22,1.2114329595668387,-1.0854806173356677,1.380796315659451,0.8135921156717691,0.8440574870944236,-1.0351397603553982,6.650832501794274,2.4322193469186546,1.8518472004909183,1.8700399258821525,1.2643638975727454,1.5143254626712273,1.0508344074126506,-1.0863381163181691,0.0626913826105604,9.259258013359064,0.112110188299357,1.0327039703053291,0.8754103531901622,1.1004116081972704,1.6388587297177029
2021-06-23,-0.9619771339382772,0.1351382234886711,-0.0523614941993218,-0.0119328755271832,-0.266943948333296,3.3753065667631392,-0.8676781360887051,-0.0593758058953947,2.941176470588235,0.3640712433446922,-1.9562725489389137,-0.4785322354960535,-0.2713986721816383,-1.885713849748884,5.671648136126615,1.3897138525848465,8.80000114440918,0.0,3.742176230885176,9.365177783835897,0.5093954577454384
2021-06-24,-4.1684358745627055,0.6264040027182491,-0.779558259397803,1.986061689637111,0.1616818906174073,5.074429109940338,-8.701956581469686,-0.3055194394531879,-3.5294102687461706,0.387547817661424,1.0123751306206574,1.588788273916239,0.1987205287173923,-1.1999947684151786,-1.7944483699613287,-3.434641948357118,-5.0,1.6429416245826107,0.710482432203581,-4.648155739143165,-1.3524419906516827
2021-06-25,-2.1430984730504403,-0.4950522671053854,-0.2629333972642578,-0.8409175055035092,-0.4857968932314842,1.570907392206063,-3.5466463274973417,0.9405846298776372,0.0,-0.3573838468973571,4.008666347879744,2.9464402483263985,-0.4565776253933195,-0.987798287841422,2.9051101909223567,-3.3594906582736144,-3.6082514263084535,0.219785240936898,-2.6359276113793726,0.0640568573186502,-0.4295664344167031
2021-06-28,0.9378663540445484,-3.27256092993726,1.01645623484028,0.8038637608148068,0.1754425881711399,-0.5124174487172062,-1.95312497089617,1.8971732448665144,-5.69619590996864,3.706001195165928,0.0,-1.2448120465286152,0.941511305652082,5.208327124516091,-3.2210827466304672,5.946100807231969,-0.1021473842778556,2.415452903178249,2.479960875536164,7.488205027393397,3.3225282612906257
2021-06-29,-1.2850869652549972,-1.138518842442054,1.1222646097479925,2.35700743976788,-0.2189577034627365,0.97164801244425,4.865266730792224,-1.6721175610102297,-4.697983083396705,-1.2446998161088123,-0.2114112474493496,3.021948165654401,0.9322143819478466,0.598144136235518,-4.214389216407528,-1.496473867758064,-4.210522300318668,-4.535271210869452,-0.5714178509677852,-1.976744985503042,1.4896270157214269
2021-06-30,2.0780783417043853,0.5657658513178062,0.5768057672625828,3.3109768979530108,0.0730818587606488,-1.4445191965941742,-2.102107305259987,0.4216933366442303,5.882359226721345,-1.282684444583312,-1.5102414534530828,1.1527354931565867,0.0775276515911968,-8.358206677792678,-1.566131671826015,-2.3691178877622074,-0.5268724124423448,0.9955769133592154,-0.0102974938566929,-2.049428266791508,-2.0592722129655905
2021-07-01,-4.423562957101941,0.1859642729042552,0.488087873050878,-0.7823420598368254,0.7105649140278424,-1.2055148849102282,-7.137065043682616,-0.9073382772694336,0.8474662113743061,2.1360667657999226,2.431294872972295,-2.4018602165707525,0.7327028476966451,-2.808309007262248,-1.891292441943887,-3.212247525399916,-2.608693218411429,-1.065025406011869,-0.885060206404208,-5.971860876481556,0.0931525198992402
2021-07-02,-0.97125731051564,-0.6517751395747678,1.4718474964981048,1.499470131684804,0.7433943640420424,0.463288882763936,-3.877024063784605,-1.248048761473104,-4.424778561897455,-0.1127696314402455,-4.656309327103507,-1.403646396044521,1.739573478854646,-1.9387083826124716,-2.6848845379442787,-2.001236253201474,-2.666664123535156,-3.482300623391955,-0.0117795422592595,-8.045168222898926,-0.4088550176141719
2021-07-06,-2.22489601910453,-2.332221636269073,1.373022298761537,-0.4339960065809685,-0.995530898443536,-4.177244324014322,-11.09999656677246,0.6603226675171759,-7.619052463107639,-1.0544818962455973,-3.075176150060116,-2.5694165299544727,-0.1332547553164915,-0.0631726401139155,-2.9725694513691883,0.5782180093642342,-2.24719967990831,-2.511962281951085,-3.355163825857145,-2.6734095482643263,2.1290408478457685
2021-07-07,-2.800795256122123,-2.3633749985561057,0.7124567195565982,-4.948084473423897,0.6156826260603698,-6.2704331915484985,-7.716049170739978,-5.292311448317308,-3.960398657276888,-1.3609574207983104,-6.593406465446422,-0.8253179211861467,0.1893326164269712,-3.0183729990517074,-2.8027906625123524,-9.247593639785736,6.471815140883979,-3.203946225694231,-3.043515988602668,-10.711431879067696,-2.5259530341829253
2021-07-08,6.035114827607102,2.309588264829214,1.1588860379997747,2.0949379297645097,0.4341467858000516,-0.6786430398067098,-0.2136801121504735,3.937003268261362,3.738314369573117,-0.0231497443242292,4.790425795575636,0.7476354688391571,0.187459607952998,6.883113585710243,2.751648833484565,3.318805811767388,0.6718971731940848,4.73846435546875,3.743815586894808,10.116274341798364,0.002593136284491
2021-07-09,0.183020892404988,0.4786906512340335,1.6263843620718508,0.9460952650333272,0.8675873969088354,1.5739182488273398,-3.2362375646842176,1.6092909209039736,4.955752889548653,1.4553980674871978,-0.6002423912702507,2.4333890360742845,0.7987337936407622,2.6993113429889317,1.6975111113605366,-2.041512058285564,-1.571272118073231,-0.4328985435618019,0.5738647084875703,0.0,1.0543257765050935
2021-07-12,-1.1466304723621203,0.5758197617791133,-1.1834064446917452,-0.4514961712721404,-0.113665539612449,-0.3365049258373381,5.475213532401675,-0.077302714154009,-0.925923527568133,0.5464924271627873,-2.941173720662243,0.1093369318801477,-0.6634807736811732,-3.648204899189482,-2.439870440672678,-1.5506507529031857,-3.005783125410273,1.354675593935336,3.4271525223566184,-0.8600442299087327,-1.6591075717274175
2021-07-13,-4.2319200380461295,-3.346653651219684,1.1054764233408458,-0.2437416524443181,-0.0572013598168896,-0.0996562901691468,-5.611672374441442,-2.4093893503210047,0.0,0.1675697531958342,-1.747807561148857,3.0906925869341726,1.231400974899835,-2.785324999826693,-2.6842040882522995,-1.258089091693421,0.9142848423549108,-1.1029430670447082,-2.659526574005139,-1.4268180363795837,-0.1717788184998182
2021-07-14,-7.67808778838038,-1.2124150815955756,0.7039913802788188,-1.9202684175976583,-1.0594101102847024,-2.28382304132028,-3.0529882526665526,-7.179490145492644,0.0,-1.9934967000668944,-1.9059793441653128,-1.0603089252695572,0.0566254796711577,-6.642599645880424,-4.659023655829214,-5.50112672987316,-7.380962707018295,-11.658893892837506,-2.65848047515838,-6.474188550835596,-5.598847303610521
2021-07-15,4.088243031283352,-0.4887604396112514,-0.5118600400687072,-3.27849817567688,-0.5355260293640787,0.9444250722738236,-0.4842610259641867,0.9502620679045016,1.9047631157769096,-1.3847818758574375,2.74999737739563,0.8977393129415516,-0.3451703833444745,0.2180282423436102,0.377355140766531,1.082901075771666,-3.1823773127769246,-3.958337941655528,-1.1973552433218642,2.397266090150961,-1.9954584136948923
2021-07-16,-0.6566497009217649,-4.49721752640314,-1.4140253422920348,-1.6649206139686228,-1.9697253329024988,-1.7613045879458649,-2.43902212094149,-2.717512221578938,-0.9803896513746966,-1.0991909836283338,2.542373272735376,-1.6933542409100208,-0.4701497173268608,-3.524232745549257,-2.464587151978885,-3.883122722007202,-2.0935970282004552,-3.3069737109490585,-1.623667565040818,-4.476275708011394,0.5801602609148798
2021-07-19,5.87353860093558,0.7380041893300481,-0.9126138967248244,1.836456379832104,0.712276934549368,2.2123907186674217,5.180726449329274,4.679803313319981,2.912620160650607,-0.1840021055724307,8.958568459075947,0.2964177001950089,-0.6931207677981668,4.535478288945038,1.1952211166031463,3.653849088228666,3.584671895961089,1.7647111622106002,2.527001164774879,3.297681610992176,-0.6013479084775968
2021-07-20,9.038602072028382,7.344359280666081,1.8405553164112012,0.0229643810363609,1.1951604648164078,3.207645100629343,1.796413956309155,2.3090324405787217,5.871559729350151,0.8370941399301416,-2.7939437352147176,-0.3925827869835188,0.46182783713614,3.8167952571743977,15.057914728251118,2.82948701270297,2.378119059380005,3.672312921559748,1.2884193140087532,1.2378456067952874,-0.5663176027271897
2021-07-21,-1.065602364541599,2.8504612797970865,-0.0894225022915893,2.415841151592249,1.7676268343214143,4.3692706106195525,5.3716242158096215,4.00982581084362,-5.714283292255704,1.366147022568446,3.428573608398437,2.589647408508581,0.8884149889295825,4.12508247887053,0.637931399245238,4.135471939262946,2.183903270675468,3.0137022093236685,-0.6592512428197835,2.746778586286245,-0.6714437796388262
2021-07-22,-3.60637222707671,0.472591598255407,0.5858209647116104,1.984428874862119,-0.4426751136813894,-3.6259844277785778,-9.62876954437711,0.6904958184365304,-4.019606297067801,1.2842079029221414,-1.851850012202395,-0.1185566243563951,0.8038194380565609,-6.981662551564321,-2.2861156790930663,-3.695573478599835,-5.81817626953125,-4.106626009542927,-1.1058779616959409,-4.014271255430988,1.2064572047963409
2021-07-23,-0.3548455242196897,-0.7075453449628814,0.6798459256566769,0.8681530531859448,0.4647912606136211,-5.072998505933595,-3.72671035561152,0.0729842113452015,0.8910843472391852,2.4013642006592404,-5.853664720434438,-0.9102187342846249,0.7940238734488699,-2.826082494624006,-2.626189398874348,-3.3942553731420686,-3.7641239080234343,-2.72258926714305,-0.4631781582031712,-3.7071327149623015,-0.6597430739932525
2021-07-26,1.9462878022930823,4.75543134369861,0.4832443639713814,-0.206929255105367,-0.1272320752093966,-0.674598643335572,1.9146291666409836,0.081269635382533,-7.526883190618305,0.7732387233220064,1.6908139391714712,-4.706417258133295,0.0172831012046449,2.1321907858384987,0.0370147580017491,1.5884754710876383,2.567243363686136,1.8248175436537464,1.011219045508233,5.982449380387737,1.7848537815983772
2021-07-27,-2.4980435093438507,-2.3299162224185466,-1.6011488673402683,-2.0982134326291684,0.0142095984048695,2.284548461685234,-0.0745287575448372,-0.1435302320426276,-2.3784919979789074,-1.1147076291373716,0.3632044287433275,3.930828704005277,-1.008568693950498,-5.435588426271249,-3.6730765398202414,-1.5065971275831642,-2.671750098506911,-5.970151266386643,-2.887805941939737,-3.3605801804479967,-1.9644123232425388
2021-07-28,-3.902558120902448,0.092457471987855,0.1172350389558742,4.584905391379057,0.1695564828025998,6.039322045521836,3.004807802523385,3.2971410332323767,1.886787699736294,-0.3429058035476685,3.8062274602322215,2.9168973505548315,-0.9678048335785832,5.754383823327851,3.858876063931577,4.34782280916199,4.705877865062041,10.868205785401718,-0.0030919459830668,2.389384541648518,0.2730798430850167
2021-07-29,-3.4817454033198927,-2.881438867043926,0.6523017494788232,6.1874650859776095,0.7504181800967432,-4.475274248061175,-0.8515777682513477,-2.2394011714545115,-3.921564838664175,-0.7479327475443792,-2.588238435633042,-0.2085381971951754,0.0907430259053148,-2.586204415977936,-1.256335848349626,-2.316173320204417,-6.925889188368648,-7.717253749480024,4.068801536426085,0.6814303685325812,2.5775819834813585
2021-07-30,-2.408146102530883,-2.2571197780362717,1.014668776751778,4.322444544454963,1.1587753798391558,2.3837355361998624,-0.495662495237537,-1.7731971347454898,1.7307721228288473,0.6455200313689536,-0.5952403929229187,1.2838544977101634,-0.0912712038816223,-0.3631026535831143,0.472588593610406,1.0263954530711492,0.8484811493844696,-2.8747439162463744,2.2467989682731537,0.1559761621087673,-0.6373984721517216
2021-08-02,-2.759280857550754,-2.1435708705069034,-0.577237708375732,2.4854984962795204,-0.2338888036286028,5.189195568197866,0.2085796992099363,0.204078518614477,-2.912620160650607,-1.7474055073669663,1.51338896544435,0.5874922107924141,-0.5406627553344282,-2.650954776876024,1.4727274576822915,-3.305781867105094,-2.208592804918947,-0.3422326619426822,1.3626091709605728,-2.0535758913172297,0.2533226400475899
2021-08-03,-2.612114889141776,-0.6516248410781883,1.0518685895611863,3.917907008143986,1.1783760894226911,0.4761922927129836,-2.216752558037601,-0.8679520333542818,-3.9473687597394473,-0.424217285440324,0.2322822867228038,-0.5979581593303158,0.5920698972555349,-8.25982125834073,-0.3971118014952832,-1.2457528371361142,-0.4907971009235546,-2.1052644963850056,-1.3047044965699328,-5.135389250941809,-0.866944077483127
2021-08-04,-4.039504463559507,-0.3598955890922021,-0.2177661319254591,3.713055617883013,-0.3399048125451138,-2.1227770221897493,-2.9040345962212823,1.3971574194806495,-4.23116462039497,1.810988453367124,8.56164361191727,1.0784373333407309,0.1012427128123671,-2.291323460333041,-1.3703824358743384,-1.506378162191089,-2.816898742682366,-1.0744958318079212,-0.011255428426164,-2.113355141724617,5.91641681658941
2021-08-05,3.5453612844431555,6.886659706197159,0.0543903278303023,-3.809522774744619,-0.1357199697433714,0.2738282316859386,2.3493232724799977,3.0309009373439744,2.6078257794207094,0.9174274901690384,5.411255545296332,-0.2120462686015074,0.9118486567553552,-1.8168604348948871,2.597403056971453,1.30769289456881,3.1707287572239373,3.317211382534447,-0.1917069082706657,0.7561429516346501,0.7391870725736314
2021-08-06,-1.8580694379945948,-0.5233049505586572,-0.1437024187383858,-0.3996026146283437,-0.1493964612995563,-2.5673571876353,0.247825338855742,-2.3182770730188067,-14.423076570386725,0.5804560569050269,-1.4270046030751862,-2.1698551741528145,0.328180308535674,10.88082511113487,0.7421202143921191,-9.691120717569603,-1.4906817728674806,-0.8321767331774035,-1.8309236735576109,-5.148509747023262,-2.302653804510668
2021-08-09,5.790356574394857,-1.0214056287752122,-0.0753175515980773,-3.467183179078864,0.1089498013962422,2.82926792051734,7.491495682756627,-0.267378510344707,2.857141646127852,-0.5945699790264959,4.583338714307995,2.5094144256495707,-0.4924851194116028,3.459114781484419,4.816515279372625,7.9134120585042975,3.7259552561670177,2.9231835762112524,0.5029718146588145,3.793768480339419,-0.4147744438566595
2021-08-10,-1.4523719046028778,2.1012441396168238,-0.5769311098154419,-1.3335820099341191,0.1765547443531074,-5.910958622595109,-8.323422377713095,-0.9234312167438644,-1.9047570607018849,-0.1938309417630004,-6.767793983193966,-1.4492765949936697,-0.8239237970472608,-3.1694681106669336,-4.343807415837505,-1.6838479886419029,-1.8404979046077568,1.2170406060854997,-0.5633925227956628,0.194746415503345,-3.529734222235474
2021-08-11,0.2204346304361238,2.8261912124682205,-0.1302635682237639,0.0742959053008491,0.3255427089848568,-0.2986162194448075,-3.4440311073777443,0.3066305988431335,-1.9417488313168627,-0.5945145847422788,0.0,-2.068385010574545,-0.0906008743349578,-1.7150411048732257,-1.7190464807830212,-7.919708417902319,-1.239162146856869,-3.566435119436369,-0.6908556692150151,-3.265302944858649,-4.562699682210693
2021-08-12,1.5214050679666948,-2.9368593857422565,1.8134377504165016,-0.8356801780736502,0.2976609210326225,0.8005996623749654,-5.660379755008377,4.486359156852023,0.0,1.1581364291024854,11.867901633952224,0.2410295929215501,1.09727868564387,-2.025653130051101,-1.4678527998427435,-2.423322201234888,1.9370441038567467,-1.27659111086281,2.202836746738707,0.4020096745708537,1.2456565055782092
2021-08-13,1.261385058986973,-2.6713744081114617,0.0871827527013375,3.0574444048002727,0.2162401281920506,-5.627528009196458,-6.326027824781494,-2.130839980651285,-1.5075338353100003,0.0578202156817567,-5.417118361837486,-0.1288238435504478,1.1507579615015169,-3.470253364656897,-3.3608578758503005,-5.362145517650531,-6.133333841959635,-5.639097663490788,-0.911914595548375,-5.313496366713625,-1.9648719677429771
2021-08-16,1.787343870365537,0.6579001346630591,1.7072537813768411,-2.5306973449523302,0.8187927655725606,-3.556005259515297,2.3557104199873966,-0.6557410903984374,-4.246280417097862,1.1021411424677046,-10.204086305580152,-2.3098859424368245,0.4786267756114655,-0.4329034711612939,-2.029270079077744,1.235057614466183,-4.365623124039333,-0.8384120246702172,-2.754420861594016,-2.510922486266465,-1.776643143521608
2021-08-17,1.4429841432682244,-0.103414982450223,-0.0266284582087612,0.8553348733985789,-0.1754112162290514,1.8884609063873947,-1.8359806258204572,-1.4282910066889682,-4.823152527720781,-1.2637742014304822,2.248515794934962,0.1711805270693342,0.2354104790501451,-2.688570929400824,-0.9119778519664522,4.909162800789865,-0.5610092736466084,1.219511042741837,-1.043997668376556,3.9361691550465503,0.0115785564428131
