timestamp,gme,aal,aapl,amd,aph,bili,clov,dkng,ecor,meta,ino,jd,msft,mvis,cenn,plug,sndl,tlry,tsla,wkhs,zm
2020-09-29,0,0,0,0,0,0,0,0,0,0,0,0,0,0,0,0,0,0,1,0,0
2021-01-28,419,17,0,3,0,32,1,0,5,5,5,2,0,0,3,0,20,0,4,0,1
2021-01-29,4676,101,8,14,1,238,0,1,41,56,66,9,7,0,18,0,224,3,24,0,8
2021-01-30,528,4,8,9,1,55,0,2,18,13,23,1,2,0,1,0,8,3,16,1,1
2021-01-31,410,0,5,9,0,61,0,1,23,14,22,2,3,0,1,0,0,0,13,0,4
2021-02-01,342,2,5,7,1,43,0,0,16,12,8,1,0,0,2,0,0,2,5,0,0
2021-02-02,450,2,2,2,2,42,0,0,11,19,11,1,1,0,4,0,0,1,4,0,4
2021-02-03,738,1,3,5,6,55,2,1,21,22,22,2,3,0,7,0,1,9,18,0,3
2021-02-04,544,1,7,4,5,44,4,2,14,17,13,3,3,0,3,0,7,3,4,0,1
2021-02-05,947,0,3,8,8,62,11,1,17,7,22,3,5,0,6,0,4,3,17,3,0
2021-02-06,939,1,3,4,8,53,13,6,11,24,20,1,1,4,8,0,4,3,9,3,2
2021-02-07,220,0,1,4,1,29,2,1,13,5,12,3,0,1,1,0,2,0,10,0,3
2021-02-08,97,1,3,6,0,17,1,1,8,9,9,0,2,0,0,0,0,0,6,1,3
2021-02-09,60,1,0,3,0,12,0,1,3,8,10,0,0,0,2,0,0,1,0,1,2
2021-02-10,87,1,0,4,6,18,1,0,8,2,9,2,1,0,1,0,3,10,4,1,1
2021-02-11,41,1,0,2,21,19,0,0,4,8,8,3,1,1,2,0,14,22,9,2,2
2021-02-12,31,1,4,7,14,21,0,1,6,7,13,1,1,0,1,0,15,10,6,0,0
2021-02-13,53,0,2,8,5,14,0,1,4,4,5,1,2,2,0,0,4,2,11,1,0
2021-02-14,35,0,4,5,2,17,0,2,8,10,10,2,2,4,2,0,1,7,11,2,2
2021-02-15,14,1,1,5,2,10,0,2,7,9,3,0,2,0,1,0,2,3,7,0,2
2021-02-16,17,1,0,1,4,15,1,1,6,7,8,1,2,0,1,0,3,1,4,0,1
2021-02-17,22,0,1,4,2,17,0,2,5,8,5,2,1,4,0,0,1,2,5,0,1
2021-02-18,43,0,1,1,2,22,0,1,7,3,8,2,0,1,3,0,3,6,7,2,1
2021-02-19,56,2,2,3,0,10,0,0,5,6,2,0,0,0,3,0,1,2,1,2,0
2021-02-20,46,1,3,4,1,16,0,0,6,8,3,1,0,2,2,0,2,0,3,0,0
2021-02-21,41,2,2,1,1,17,0,0,3,5,1,0,1,0,0,0,1,0,5,0,1
2021-02-22,19,0,1,0,3,11,0,0,7,2,4,0,0,0,0,0,3,2,4,0,1
2021-02-23,50,5,1,3,2,15,0,0,13,7,5,4,1,1,2,0,2,2,8,0,0
2021-02-24,31,1,1,1,3,17,0,0,5,6,4,2,1,0,0,0,1,4,13,8,2
2021-02-25,62,2,3,1,1,16,0,2,5,9,11,1,0,1,4,0,2,0,6,2,1
2021-02-26,168,1,4,2,0,20,0,1,11,8,4,0,0,0,3,0,1,0,3,5,0
2021-02-27,86,0,0,2,0,12,1,1,8,9,6,1,1,0,1,0,0,0,1,1,0
2021-02-28,47,0,2,2,0,10,0,0,2,7,3,4,0,0,1,0,1,0,3,0,3
2021-03-01,44,1,2,4,2,16,0,0,7,6,5,1,0,0,1,0,0,2,1,0,0
2021-03-02,85,4,2,0,0,14,0,1,6,6,9,0,0,1,1,0,0,0,2,3,1
2021-03-03,130,0,5,2,0,15,1,0,5,10,5,0,2,1,1,0,2,1,8,0,0
2021-03-04,114,1,5,8,0,33,1,0,14,12,7,2,3,0,3,0,3,0,14,2,1
2021-03-05,95,2,4,2,2,22,0,1,8,16,8,0,1,0,4,0,1,2,11,1,2
2021-03-06,92,3,1,2,0,17,0,1,5,11,7,1,0,1,2,0,0,0,11,0,3
2021-03-07,42,0,1,2,0,15,2,1,8,9,7,1,0,0,0,0,2,0,7,0,4
2021-03-08,37,0,0,0,0,6,0,0,6,8,3,0,1,0,0,0,0,0,1,1,3
2021-03-09,85,0,0,1,0,9,0,1,1,8,1,0,0,0,0,0,1,0,7,2,0
2021-03-10,161,2,5,2,0,12,0,2,6,13,5,0,0,0,3,0,2,0,19,0,3
2021-03-11,166,1,0,2,0,19,0,2,7,14,8,1,0,0,1,0,0,0,3,0,2
2021-03-12,87,0,1,1,2,14,0,0,6,10,7,1,0,0,1,0,0,1,6,1,1
2021-03-13,60,1,2,2,0,13,0,0,3,3,3,0,1,0,1,0,1,0,2,0,1
2021-03-14,42,0,1,1,0,13,0,2,2,5,9,1,1,2,4,0,0,0,6,1,1
2021-03-15,31,0,0,1,2,14,2,0,5,7,3,0,0,1,0,0,2,1,3,1,1
2021-03-16,70,1,1,0,4,12,0,1,5,10,5,2,2,0,0,0,1,3,4,0,1
2021-03-17,73,1,1,1,0,13,0,0,4,5,4,0,1,0,3,0,1,0,3,0,1
2021-03-18,46,0,2,1,1,16,1,0,7,11,1,2,2,1,1,0,1,0,0,0,1
2021-03-19,46,0,0,0,0,9,1,0,4,6,6,2,0,0,2,0,0,1,3,0,0
2021-03-20,34,1,3,3,1,5,0,0,5,4,5,0,0,0,0,0,1,2,4,0,1
2021-03-21,15,1,0,1,0,8,0,0,3,3,1,0,1,0,0,0,0,0,3,1,1
2021-03-22,11,0,2,0,0,11,0,0,4,11,1,1,0,0,0,0,0,0,7,0,0
2021-03-23,21,1,1,2,1,4,2,0,6,9,2,2,1,0,0,0,0,2,2,0,1
2021-03-24,38,1,1,2,1,12,1,1,7,6,4,0,3,0,3,0,0,1,4,0,2
2021-03-25,44,1,1,2,0,8,0,0,2,5,4,0,0,0,1,0,0,1,3,1,0
2021-03-26,44,0,2,0,0,5,0,1,3,4,2,0,0,1,1,0,0,2,4,0,1
2021-03-27,30,1,2,2,1,6,0,0,1,7,0,0,0,1,0,0,0,1,1,0,1
2021-03-28,10,0,0,2,0,2,0,0,2,2,2,0,0,0,0,0,0,0,0,0,0
2021-03-29,9,0,0,0,1,7,0,0,2,3,3,1,0,0,0,0,0,1,1,0,0
2021-03-30,11,0,0,0,1,8,0,0,2,7,2,0,0,0,1,0,0,1,2,0,0
2021-03-31,7,2,1,0,2,6,0,1,0,6,0,0,1,0,0,0,0,2,1,0,0
2021-04-01,22,0,2,1,2,12,0,0,4,7,3,0,2,7,0,0,1,1,4,0,0
2021-04-02,11,1,2,3,0,4,0,0,0,7,1,0,0,0,1,0,0,0,6,0,1
2021-04-03,6,0,0,1,0,4,0,0,2,3,1,0,0,1,0,0,0,0,3,0,0
2021-04-04,3,0,0,1,0,3,0,0,0,2,1,0,0,0,0,0,0,0,0,0,0
2021-04-05,7,0,0,0,1,4,0,0,0,2,0,1,0,1,0,0,0,1,3,0,0
2021-04-06,9,1,1,2,0,6,0,0,2,2,4,0,2,0,3,0,0,1,3,1,0
2021-04-07,12,0,0,1,3,3,0,1,4,2,2,0,0,1,1,0,1,0,2,0,0
2021-04-08,8,0,2,2,1,2,0,0,1,1,1,2,0,0,1,0,0,2,1,1,0
2021-04-09,20,1,3,1,1,5,0,0,1,3,1,0,0,0,2,0,0,0,3,0,0
2021-04-10,16,1,2,2,0,2,1,0,4,3,0,0,0,2,1,0,0,0,1,0,1
2021-04-11,8,0,1,0,1,5,0,0,3,4,1,1,0,0,0,0,0,0,0,0,0
2021-04-12,11,1,0,0,2,8,0,0,1,3,1,2,0,0,0,0,0,1,1,0,1
2021-04-13,14,0,0,2,1,6,0,0,1,3,1,1,0,0,0,0,0,1,0,0,1
2021-04-14,15,0,6,4,0,6,0,3,3,3,1,1,1,0,1,0,0,1,10,0,1
2021-04-15,9,0,0,2,2,4,0,0,1,4,1,0,0,0,1,0,0,2,6,0,2
2021-04-16,13,0,0,0,2,5,0,0,3,0,4,0,0,1,1,0,1,2,3,0,0
2021-04-17,13,0,1,0,0,7,8,1,3,7,3,0,1,0,1,0,0,0,3,0,0
2021-04-18,4,0,0,1,0,2,4,0,1,2,3,0,0,0,0,0,0,0,0,0,0
2021-04-19,3,0,2,1,0,6,4,0,2,2,1,0,0,0,1,0,0,0,1,0,0
2021-04-20,6,0,3,0,0,5,11,0,3,5,2,0,0,3,0,0,0,1,2,0,0
2021-04-21,8,1,2,1,1,4,6,0,2,1,2,0,0,6,1,0,1,2,1,0,1
2021-04-22,3,0,0,0,0,1,1,0,2,2,0,1,0,6,1,0,0,0,4,0,0
2021-04-23,4,0,0,1,0,4,0,0,1,3,1,1,0,3,0,0,0,0,0,0,0
2021-04-24,4,0,0,0,0,4,1,1,0,2,0,1,0,7,0,0,1,0,2,0,0
2021-04-25,1,0,1,2,1,3,0,1,1,2,0,0,1,0,2,0,1,1,1,0,0
2021-04-26,6,0,0,1,0,3,1,0,1,2,1,1,0,6,0,0,0,0,0,0,1
2021-04-27,17,0,0,0,3,4,4,0,2,3,1,0,0,32,0,0,1,3,2,0,0
2021-04-28,6,0,3,5,1,7,7,0,1,7,1,0,3,12,0,0,0,1,3,0,0
2021-04-29,7,0,4,3,0,10,10,0,2,3,4,1,2,8,0,0,0,0,5,0,1
2021-04-30,3,0,1,1,0,5,5,0,0,5,1,0,0,3,0,0,0,1,1,0,0
2021-05-01,3,1,2,3,0,2,4,0,1,1,0,1,0,4,0,0,0,0,5,0,1
2021-05-05,1,0,1,1,0,1,3,0,2,2,1,0,0,0,0,0,0,0,2,0,0
2021-05-06,12,0,1,9,0,15,5,1,6,4,1,1,1,3,0,0,1,1,4,0,0
2021-05-07,26,0,4,4,0,12,2,2,5,4,1,0,0,3,1,0,1,0,5,1,0
2021-05-08,11,2,2,0,1,5,4,0,3,5,6,0,1,2,0,0,1,4,4,0,0
2021-05-09,3,0,1,1,0,6,2,0,2,3,2,0,0,0,0,0,1,1,0,0,0
2021-05-10,10,0,3,0,0,3,3,1,4,7,4,1,0,2,0,0,0,0,3,0,0
2021-05-11,5,0,0,2,0,6,0,2,2,5,3,0,0,1,4,0,1,0,3,1,0
2021-05-12,8,0,2,1,0,9,3,1,8,10,0,1,0,3,0,0,0,1,3,0,0
2021-05-13,4,0,0,4,0,9,2,0,8,8,6,0,1,0,0,0,0,0,1,0,1
2021-05-14,14,0,1,1,0,8,4,0,2,3,2,0,2,2,1,0,1,1,6,0,1
2021-05-15,11,0,0,1,0,6,3,0,3,7,4,0,1,0,2,0,0,0,0,0,0
2021-05-16,2,0,0,0,0,0,1,0,0,0,1,0,0,0,0,0,0,0,0,0,0
2021-05-17,2,0,0,0,0,3,0,0,1,1,4,0,0,0,0,0,0,0,0,0,0
2021-05-18,5,0,1,1,0,3,1,0,1,3,0,0,0,1,0,0,0,0,4,0,0
2021-05-19,6,0,0,0,0,1,0,0,0,4,1,0,0,0,1,0,0,0,0,0,1
2021-05-20,3,0,1,1,0,11,1,0,2,4,1,1,0,0,0,0,0,0,1,0,1
2021-05-21,1,0,2,0,0,9,0,0,0,4,1,1,2,1,1,0,0,0,1,0,1
2021-05-22,9,0,0,2,0,5,0,0,1,5,2,0,0,0,0,0,1,3,1,0,0
2021-05-23,2,0,0,0,0,2,0,2,3,5,1,0,0,0,0,0,0,0,0,0,1
2021-05-24,5,1,1,0,0,2,0,1,3,3,1,1,0,1,0,0,0,0,1,0,0
2021-05-25,2,0,1,0,0,5,2,0,0,4,3,0,1,0,2,0,1,0,2,0,1
2021-05-26,12,0,0,0,0,6,0,0,0,4,1,0,1,2,0,0,2,1,3,0,0
2021-05-27,13,0,0,0,0,8,0,0,2,9,2,0,0,1,0,0,3,0,4,0,1
2021-05-28,13,0,1,1,0,9,0,0,3,6,2,0,1,1,0,0,1,2,3,0,1
2021-05-29,2,0,0,1,0,5,2,0,5,1,1,0,0,0,1,0,1,1,1,0,0
2021-05-30,8,0,0,0,0,5,0,0,0,5,1,0,1,0,0,0,0,0,1,0,1
2021-05-31,5,0,1,0,0,5,0,0,1,2,1,1,0,0,2,0,1,0,1,0,0
2021-06-01,2,0,0,2,0,4,0,0,1,2,0,0,0,0,0,0,0,0,0,0,2
2021-06-10,28,1,0,0,0,11,28,2,6,10,9,0,0,1,0,0,1,4,0,6,0
2021-06-11,25,0,1,5,1,23,26,0,8,20,8,4,0,3,1,0,2,4,3,12,1
2021-06-12,21,0,0,1,0,13,17,1,5,16,5,0,1,0,1,0,3,1,0,11,0
2021-06-13,2,0,0,1,0,0,1,1,1,3,0,0,0,0,0,0,0,0,0,0,2
2021-06-15,7,1,0,2,0,10,3,1,2,4,3,0,0,0,0,0,1,0,0,4,1
2021-06-16,13,0,0,1,0,22,12,12,6,7,4,1,0,0,1,0,0,2,3,5,1
2021-06-17,17,1,0,2,0,22,5,9,6,19,6,2,0,1,1,0,0,0,2,6,1
2021-06-18,9,0,0,5,0,21,3,2,5,14,6,1,0,1,2,0,0,1,4,3,0
2021-06-19,5,0,1,2,1,8,3,1,6,8,3,1,2,0,0,0,0,1,2,4,0
2021-06-20,5,1,1,1,0,10,0,0,4,4,2,1,0,0,0,0,1,0,0,0,0
2021-06-21,8,0,1,0,0,8,2,2,1,6,4,1,0,0,0,0,0,0,2,0,1
2021-06-22,8,0,1,3,0,19,12,3,5,7,3,1,0,0,0,0,1,1,3,3,1
2021-06-23,10,1,1,8,0,11,9,7,7,13,4,2,1,0,3,0,0,2,1,4,3
2021-06-24,12,0,2,3,1,10,14,0,3,8,0,1,0,0,0,0,3,4,9,7,1
2021-06-25,10,0,0,3,0,10,5,1,6,16,5,1,0,0,1,0,1,1,12,2,1
2021-06-26,10,0,1,2,0,13,2,0,2,6,1,1,1,0,0,0,0,1,5,5,2
2021-06-28,0,0,1,0,0,2,0,0,1,1,0,0,0,0,0,0,0,0,0,0,0
2021-06-29,13,1,2,8,1,20,4,0,7,13,4,1,1,0,0,0,2,2,5,8,2
2021-06-30,2,0,0,1,0,2,3,0,2,1,1,0,0,0,2,0,0,0,2,2,0
2021-07-01,4,0,1,15,0,5,5,0,3,9,4,2,0,0,1,0,1,1,5,2,0
2021-07-02,11,0,0,4,0,11,2,0,9,6,3,1,0,0,2,0,0,0,0,1,0
2021-07-03,1,0,0,1,1,3,5,0,2,8,1,0,0,0,0,0,0,0,2,0,0
2021-07-04,3,0,0,0,0,3,1,0,1,2,1,0,0,0,0,0,0,0,0,0,1
2021-07-05,1,0,2,3,0,2,1,1,5,4,2,0,0,0,0,0,0,0,0,0,0
2021-07-06,10,0,1,2,0,11,5,0,5,5,3,0,0,0,0,0,1,0,1,2,2
2021-07-07,1,0,0,0,0,5,1,0,0,1,2,0,0,0,0,0,0,0,1,0,0
2021-07-08,5,1,4,1,0,7,6,0,6,3,3,0,1,0,0,0,2,0,2,3,0
2021-07-09,3,0,2,0,0,4,2,0,2,3,3,1,1,0,0,0,0,0,2,0,0
2021-07-10,3,0,4,0,0,6,2,0,2,4,2,1,0,0,1,0,0,0,0,0,0
2021-07-11,7,1,1,0,0,7,0,0,1,3,0,0,1,0,1,0,0,0,1,0,0
2021-07-12,3,0,0,0,0,5,2,0,1,1,0,0,1,0,0,0,0,0,0,0,0
2021-07-13,3,0,2,1,0,8,4,0,1,6,1,1,0,1,2,0,0,0,3,1,0
2021-07-14,3,0,1,1,0,11,4,0,2,7,3,4,0,0,0,0,1,1,1,1,0
2021-07-15,19,1,9,1,0,4,6,1,4,7,2,0,1,0,1,0,0,2,6,2,0
2021-07-16,6,0,2,2,0,9,2,1,4,8,1,0,1,0,0,0,0,0,1,0,1
2021-07-17,1,0,2,1,0,3,1,0,3,7,3,0,0,0,1,0,1,1,0,0,0
2021-07-18,2,0,0,0,0,1,1,0,0,2,0,0,0,0,0,0,0,0,2,1,0
2021-07-19,3,1,2,0,0,5,1,0,1,3,1,2,1,0,1,0,0,1,1,0,0
2021-07-20,1,1,1,1,0,2,0,1,1,2,1,0,0,0,0,0,0,0,2,0,0
2021-08-02,2,0,0,5,0,0,0,0,0,2,0,0,0,0,0,0,0,0,2,0,0
2021-08-03,5,0,0,8,0,4,1,0,1,4,3,0,0,0,1,0,0,1,2,0,0
2021-08-04,5,0,1,19,0,5,1,0,4,1,2,0,1,1,0,0,2,0,1,1,0
2021-08-05,8,0,1,6,0,3,1,1,2,3,4,0,0,1,0,0,0,0,0,0,0
2021-08-06,3,0,1,1,0,7,3,0,2,6,6,0,0,0,3,0,1,0,0,0,1
2021-08-07,1,0,0,1,0,1,0,1,0,1,0,0,0,0,0,0,0,0,0,0,0
2021-08-08,4,0,0,0,0,5,2,0,3,4,1,3,0,0,0,0,1,0,0,1,0
2021-08-09,3,0,0,3,0,6,0,0,3,4,1,1,0,0,1,0,0,0,1,0,0
2021-08-10,1,0,1,1,0,6,0,0,3,0,0,0,0,0,0,0,1,0,0,0,1
2021-08-11,2,0,2,4,0,8,2,0,2,2,2,1,1,0,1,0,0,0,2,1,1
2021-08-12,4,0,0,2,0,8,8,0,6,3,1,0,0,0,1,0,0,1,0,1,0
2021-08-13,5,0,0,0,0,8,4,0,5,3,0,0,1,0,0,0,1,0,0,0,0
2021-08-14,1,0,0,0,0,1,2,0,1,1,1,0,0,0,0,0,0,0,0,1,1
2021-08-15,0,0,0,0,0,4,0,0,0,0,0,1,0,0,0,0,0,0,0,0,0
2021-08-16,1,0,0,0,0,3,1,0,1,1,0,0,0,0,0,0,0,0,0,0,0
